{"Mean":{"confidence_interval":{"confidence_level":0.95,"lower_bound":81.00151141091042,"upper_bound":82.89271270062409},"point_estimate":81.90131242976315,"standard_error":0.48397112176587487},"Median":{"confidence_interval":{"confidence_level":0.95,"lower_bound":79.98061121560842,"upper_bound":81.51015592494086},"point_estimate":80.81284000829416,"standard_error":0.3584198815488309},"MedianAbsDev":{"confidence_interval":{"confidence_level":0.95,"lower_bound":2.015265217503248,"upper_bound":3.5427602504705},"point_estimate":2.8027513548536795,"standard_error":0.37399872454267924},"Slope":{"confidence_interval":{"confidence_level":0.95,"lower_bound":80.38584144220617,"upper_bound":81.60659891277666},"point_estimate":80.9562749862167,"standard_error":0.3118204351526169},"StdDev":{"confidence_interval":{"confidence_level":0.95,"lower_bound":3.6323231845314625,"upper_bound":5.974311906082055},"point_estimate":4.871232990586219,"standard_error":0.5995612389792196}}